date,investor,sell,buy,net
2025-05-21,금융투자,392400,593455,201055
2025-05-21,보험,72540,63738,-8802
2025-05-21,투신,167054,44213,-122841
2025-05-21,사모,119139,54763,-64376
2025-05-21,은행,498,2107,1609
2025-05-21,기타금융,15678,3219,-12459
2025-05-21,연기금 등,2474717,2143573,-331144
2025-05-21,기관합계,3242026,2905068,-336958
2025-05-21,기타법인,25950,60253,34303
2025-05-21,개인,1066150,2213615,1147465
2025-05-21,외국인,3459111,2608898,-850213
2025-05-21,기타외국인,944,6347,5403
2025-05-21,전체,7794181,7794181,0
2025-05-22,금융투자,2250981,987583,-1263398
2025-05-22,보험,151344,55425,-95919
2025-05-22,투신,401374,166925,-234449
2025-05-22,사모,339427,18477,-320950
2025-05-22,은행,2856,37309,34453
2025-05-22,기타금융,11767,2020,-9747
2025-05-22,연기금 등,4687032,4504927,-182105
2025-05-22,기관합계,7844781,5772666,-2072115
2025-05-22,기타법인,50372,315410,265038
2025-05-22,개인,969397,5939050,4969653
2025-05-22,외국인,6388903,3198984,-3189919
2025-05-22,기타외국인,825,28168,27343
2025-05-22,전체,15254278,15254278,0
2025-05-23,금융투자,1132996,249757,-883239
2025-05-23,보험,40938,31362,-9576
2025-05-23,투신,97533,161071,63538
2025-05-23,사모,51797,78560,26763
2025-05-23,은행,11136,18,-11118
2025-05-23,기타금융,1916,11724,9808
2025-05-23,연기금 등,3463198,3288859,-174339
2025-05-23,기관합계,4799514,3821351,-978163
2025-05-23,기타법인,50499,224502,174003
2025-05-23,개인,1011444,4435159,3423715
2025-05-23,외국인,5383113,2748991,-2634122
2025-05-23,기타외국인,2545,17112,14567
2025-05-23,전체,11247115,11247115,0
2025-05-26,금융투자,686649,1915203,1228554
2025-05-26,보험,121186,39935,-81251
2025-05-26,투신,261306,303908,42602
2025-05-26,사모,61778,84276,22498
2025-05-26,은행,28324,173,-28151
2025-05-26,기타금융,1252,14,-1238
2025-05-26,연기금 등,4242019,4121151,-120868
2025-05-26,기관합계,5402514,6464660,1062146
2025-05-26,기타법인,100644,243935,143291
2025-05-26,개인,1557128,2432021,874893
2025-05-26,외국인,3838606,1747237,-2091369
2025-05-26,기타외국인,2445,13484,11039
2025-05-26,전체,10901337,10901337,0
2025-05-27,금융투자,451080,1294893,843813
2025-05-27,보험,100042,25420,-74622
2025-05-27,투신,209291,64537,-144754
2025-05-27,사모,192553,33745,-158808
2025-05-27,은행,53484,156,-53328
2025-05-27,기타금융,4562,4395,-167
2025-05-27,연기금 등,4012265,4022218,9953
2025-05-27,기관합계,5023277,5445364,422087
2025-05-27,기타법인,11842,347205,335363
2025-05-27,개인,970264,5209685,4239421
2025-05-27,외국인,7430114,2424377,-5005737
2025-05-27,기타외국인,4023,12889,8866
2025-05-27,전체,13439520,13439520,0
2025-05-28,금융투자,425743,3392821,2967078
2025-05-28,보험,57915,265885,207970
2025-05-28,투신,228208,297696,69488
2025-05-28,사모,114834,301924,187090
2025-05-28,은행,50190,90862,40672
2025-05-28,기타금융,91828,9410,-82418
2025-05-28,연기금 등,4717447,4813304,95857
2025-05-28,기관합계,5686165,9171902,3485737
2025-05-28,기타법인,788531,21502,-767029
2025-05-28,개인,7055521,2208703,-4846818
2025-05-28,외국인,3964611,6102414,2137803
2025-05-28,기타외국인,21455,11762,-9693
2025-05-28,전체,17516283,17516283,0
2025-05-29,금융투자,647451,2041017,1393566
2025-05-29,보험,61313,68269,6956
2025-05-29,투신,349127,117131,-231996
2025-05-29,사모,162406,197098,34692
2025-05-29,은행,213,23548,23335
2025-05-29,기타금융,21235,9,-21226
2025-05-29,연기금 등,3109104,2996363,-112741
2025-05-29,기관합계,4350849,5443435,1092586
2025-05-29,기타법인,59435,164026,104591
2025-05-29,개인,3138732,2088828,-1049904
2025-05-29,외국인,5374040,5238527,-135513
2025-05-29,기타외국인,13754,1994,-11760
2025-05-29,전체,12936810,12936810,0
2025-05-30,금융투자,596515,1399641,803126
2025-05-30,보험,218735,107258,-111477
2025-05-30,투신,364277,839905,475628
2025-05-30,사모,130721,333816,203095
2025-05-30,은행,26902,21943,-4959
2025-05-30,기타금융,1906,14933,13027
2025-05-30,연기금 등,3648468,4253033,604565
2025-05-30,기관합계,4987524,6970529,1983005
2025-05-30,기타법인,97428,96474,-954
2025-05-30,개인,5123434,3285237,-1838197
2025-05-30,외국인,15992578,15860927,-131651
2025-05-30,기타외국인,18719,6516,-12203
2025-05-30,전체,26219683,26219683,0
2025-06-02,금융투자,1715141,848119,-867022
2025-06-02,보험,46931,96439,49508
2025-06-02,투신,157075,246769,89694
2025-06-02,사모,41194,65733,24539
2025-06-02,은행,1759,41435,39676
2025-06-02,기타금융,11107,11362,255
2025-06-02,연기금 등,3657510,3719870,62360
2025-06-02,기관합계,5630717,5029727,-600990
2025-06-02,기타법인,85641,61084,-24557
2025-06-02,개인,2350904,2113843,-237061
2025-06-02,외국인,4780666,5663445,882779
2025-06-02,기타외국인,22587,2416,-20171
2025-06-02,전체,12870515,12870515,0
2025-06-04,금융투자,1512167,1413084,-99083
2025-06-04,보험,122679,106633,-16046
2025-06-04,투신,123550,663361,539811
2025-06-04,사모,100148,710422,610274
2025-06-04,은행,14143,31136,16993
2025-06-04,기타금융,16837,11408,-5429
2025-06-04,연기금 등,4295504,4416274,120770
2025-06-04,기관합계,6185028,7352318,1167290
2025-06-04,기타법인,212530,29697,-182833
2025-06-04,개인,5649999,2598782,-3051217
2025-06-04,외국인,7580532,9664849,2084317
2025-06-04,기타외국인,21894,4337,-17557
2025-06-04,전체,19649983,19649983,0
2025-06-05,금융투자,1634364,3319514,1685150
2025-06-05,보험,346437,196950,-149487
2025-06-05,투신,397838,680967,283129
2025-06-05,사모,140432,384241,243809
2025-06-05,은행,41511,22779,-18732
2025-06-05,기타금융,111242,13524,-97718
2025-06-05,연기금 등,5404182,5777835,373653
2025-06-05,기관합계,8076006,10395810,2319804
2025-06-05,기타법인,163910,82566,-81344
2025-06-05,개인,11197406,4192641,-7004765
2025-06-05,외국인,3808427,8588232,4779805
2025-06-05,기타외국인,20278,6778,-13500
2025-06-05,전체,23266027,23266027,0
2025-06-09,금융투자,2571750,586913,-1984837
2025-06-09,보험,256255,68473,-187782
2025-06-09,투신,330650,585810,255160
2025-06-09,사모,204004,115581,-88423
2025-06-09,은행,13406,513,-12893
2025-06-09,기타금융,24440,14,-24426
2025-06-09,연기금 등,5670426,5552584,-117842
2025-06-09,기관합계,9070931,6909888,-2161043
2025-06-09,기타법인,425566,91773,-333793
2025-06-09,개인,6446619,3801760,-2644859
2025-06-09,외국인,3652298,8794448,5142150
2025-06-09,기타외국인,14245,11790,-2455
2025-06-09,전체,19609659,19609659,0
2025-06-10,금융투자,1233389,1842637,609248
2025-06-10,보험,362720,46435,-316285
2025-06-10,투신,325751,255048,-70703
2025-06-10,사모,248943,52632,-196311
2025-06-10,은행,68892,73,-68819
2025-06-10,기타금융,34540,11,-34529
2025-06-10,연기금 등,4657198,4439810,-217388
2025-06-10,기관합계,6931433,6636646,-294787
2025-06-10,기타법인,88143,97592,9449
2025-06-10,개인,2964549,4172240,1207691
2025-06-10,외국인,5311001,4391367,-919634
2025-06-10,기타외국인,10634,7915,-2719
2025-06-10,전체,15305760,15305760,0
2025-06-11,금융투자,453816,1579290,1125474
2025-06-11,보험,108795,42253,-66542
2025-06-11,투신,394329,26731,-367598
2025-06-11,사모,160400,27196,-133204
2025-06-11,은행,46374,8,-46366
2025-06-11,기타금융,29123,9,-29114
2025-06-11,연기금 등,4324487,4249068,-75419
2025-06-11,기관합계,5517324,5924555,407231
2025-06-11,기타법인,219808,55747,-164061
2025-06-11,개인,4977477,2503143,-2474334
2025-06-11,외국인,2885201,5123623,2238422
2025-06-11,기타외국인,10924,3666,-7258
2025-06-11,전체,13610734,13610734,0
2025-06-12,금융투자,3165160,2867979,-297181
2025-06-12,보험,347950,72744,-275206
2025-06-12,투신,688228,245421,-442807
2025-06-12,사모,379108,94944,-284164
2025-06-12,은행,24386,866,-23520
2025-06-12,기타금융,7006,22014,15008
2025-06-12,연기금 등,5154209,5292608,138399
2025-06-12,기관합계,9766047,8596576,-1169471
2025-06-12,기타법인,91508,26581,-64927
2025-06-12,개인,2324248,3231776,907528
2025-06-12,외국인,5564715,5892375,327660
2025-06-12,기타외국인,8597,7807,-790
2025-06-12,전체,17755115,17755115,0
2025-06-13,금융투자,2982556,763546,-2219010
2025-06-13,보험,175592,45755,-129837
2025-06-13,투신,868766,1278290,409524
2025-06-13,사모,634679,94390,-540289
2025-06-13,은행,8359,23565,15206
2025-06-13,기타금융,36581,11801,-24780
2025-06-13,연기금 등,6999332,5866687,-1132645
2025-06-13,기관합계,11705865,8084034,-3621831
2025-06-13,기타법인,131725,97867,-33858
2025-06-13,개인,4209786,7860536,3650750
2025-06-13,외국인,4637430,4637917,487
2025-06-13,기타외국인,21173,25625,4452
2025-06-13,전체,20705979,20705979,0
2025-06-16,금융투자,741851,2740270,1998419
2025-06-16,보험,188223,13469,-174754
2025-06-16,투신,719639,182013,-537626
2025-06-16,사모,364714,153978,-210736
2025-06-16,은행,1518,235,-1283
2025-06-16,기타금융,10027,18916,8889
2025-06-16,연기금 등,5776184,5410074,-366110
2025-06-16,기관합계,7802156,8518955,716799
2025-06-16,기타법인,38088,93856,55768
2025-06-16,개인,2463606,8627236,6163630
2025-06-16,외국인,11892417,4943291,-6949126
2025-06-16,기타외국인,4605,17534,12929
2025-06-16,전체,22200872,22200872,0
2025-06-17,금융투자,794390,2021199,1226809
2025-06-17,보험,199384,61240,-138144
2025-06-17,투신,463965,420839,-43126
2025-06-17,사모,81406,390245,308839
2025-06-17,은행,30621,6623,-23998
2025-06-17,기타금융,42281,18535,-23746
2025-06-17,연기금 등,7301765,6988734,-313031
2025-06-17,기관합계,8913812,9907415,993603
2025-06-17,기타법인,185892,215407,29515
2025-06-17,개인,10308784,7497134,-2811650
2025-06-17,외국인,9205682,11003440,1797758
2025-06-17,기타외국인,22833,13607,-9226
2025-06-17,전체,28637003,28637003,0
2025-06-18,금융투자,761005,953885,192880
2025-06-18,보험,182161,157783,-24378
2025-06-18,투신,204237,386196,181959
2025-06-18,사모,70508,485319,414811
2025-06-18,은행,4671,20054,15383
2025-06-18,기타금융,14,9513,9499
2025-06-18,연기금 등,5106151,5053664,-52487
2025-06-18,기관합계,6328747,7066414,737667
2025-06-18,기타법인,79286,27666,-51620
2025-06-18,개인,7539108,3015083,-4524025
2025-06-18,외국인,3657988,7501001,3843013
2025-06-18,기타외국인,15576,10541,-5035
2025-06-18,전체,17620705,17620705,0
2025-06-19,금융투자,1722610,988317,-734293
2025-06-19,보험,257239,131482,-125757
2025-06-19,투신,149467,159779,10312
2025-06-19,사모,72641,135167,62526
2025-06-19,은행,10,40259,40249
2025-06-19,기타금융,10302,9014,-1288
2025-06-19,연기금 등,5235257,4840249,-395008
2025-06-19,기관합계,7447526,6304267,-1143259
2025-06-19,기타법인,71247,33433,-37814
2025-06-19,개인,3260969,4880312,1619343
2025-06-19,외국인,6090953,5642001,-448952
2025-06-19,기타외국인,5583,16265,10682
2025-06-19,전체,16876278,16876278,0
2025-06-20,금융투자,690320,920806,230486
2025-06-20,보험,172339,69984,-102355
2025-06-20,투신,344601,166529,-178072
2025-06-20,사모,131721,198463,66742
2025-06-20,은행,21104,40144,19040
2025-06-20,기타금융,20236,6025,-14211
2025-06-20,연기금 등,4281184,4310636,29452
2025-06-20,기관합계,5661505,5712587,51082
2025-06-20,기타법인,102516,105265,2749
2025-06-20,개인,2659447,3443392,783945
2025-06-20,외국인,9638870,8801847,-837023
2025-06-20,기타외국인,9913,9160,-753
2025-06-20,전체,18072251,18072251,0
2025-06-23,금융투자,3150961,224612,-2926349
2025-06-23,보험,133220,30580,-102640
2025-06-23,투신,381451,52454,-328997
2025-06-23,사모,593429,39679,-553750
2025-06-23,은행,179,308,129
2025-06-23,기타금융,1068,13033,11965
2025-06-23,연기금 등,4809385,4469438,-339947
2025-06-23,기관합계,9069693,4830104,-4239589
2025-06-23,기타법인,151746,208140,56394
2025-06-23,개인,3051572,8576142,5524570
2025-06-23,외국인,4268571,2912010,-1356561
2025-06-23,기타외국인,10112,25298,15186
2025-06-23,전체,16551694,16551694,0
2025-06-24,금융투자,587421,2299226,1711805
2025-06-24,보험,451243,121692,-329551
2025-06-24,투신,444649,401987,-42662
2025-06-24,사모,126486,481623,355137
2025-06-24,은행,4342,5233,891
2025-06-24,기타금융,29567,41468,11901
2025-06-24,연기금 등,5746903,5897217,150314
2025-06-24,기관합계,7390611,9248446,1857835
2025-06-24,기타법인,113807,128775,14968
2025-06-24,개인,11678681,4374473,-7304208
2025-06-24,외국인,4514365,9979526,5465161
2025-06-24,기타외국인,40435,6679,-33756
2025-06-24,전체,23737899,23737899,0
2025-06-25,금융투자,1314075,805348,-508727
2025-06-25,보험,124124,161979,37855
2025-06-25,투신,770804,309599,-461205
2025-06-25,사모,351417,326955,-24462
2025-06-25,은행,8762,952,-7810
2025-06-25,기타금융,23726,15,-23711
2025-06-25,연기금 등,6101994,6282086,180092
2025-06-25,기관합계,8694902,7886934,-807968
2025-06-25,기타법인,76995,152194,75199
2025-06-25,개인,7392869,6160383,-1232486
2025-06-25,외국인,7743676,9715095,1971419
2025-06-25,기타외국인,25170,19006,-6164
2025-06-25,전체,23933612,23933612,0
2025-06-26,금융투자,1170248,618949,-551299
2025-06-26,보험,63916,168089,104173
2025-06-26,투신,429338,194452,-234886
2025-06-26,사모,548802,74712,-474090
2025-06-26,은행,12460,12712,252
2025-06-26,기타금융,777,5145,4368
2025-06-26,연기금 등,6570671,6379117,-191554
2025-06-26,기관합계,8796212,7453176,-1343036
2025-06-26,기타법인,147242,166576,19334
2025-06-26,개인,3513071,6507671,2994600
2025-06-26,외국인,6935849,5260333,-1675516
2025-06-26,기타외국인,9926,14544,4618
2025-06-26,전체,19402300,19402300,0
2025-06-27,금융투자,1081013,1940446,859433
2025-06-27,보험,55773,184708,128935
2025-06-27,투신,153959,240518,86559
2025-06-27,사모,82093,504571,422478
2025-06-27,은행,10015,134,-9881
2025-06-27,기타금융,2326,17508,15182
2025-06-27,연기금 등,3918576,4475617,557041
2025-06-27,기관합계,5303755,7363502,2059747
2025-06-27,기타법인,40650,113977,73327
2025-06-27,개인,7154471,4408061,-2746410
2025-06-27,외국인,4822309,5446179,623870
2025-06-27,기타외국인,19285,8751,-10534
2025-06-27,전체,17340470,17340470,0
2025-06-30,금융투자,485927,1744654,1258727
2025-06-30,보험,107700,72823,-34877
2025-06-30,투신,268506,128423,-140083
2025-06-30,사모,503346,124190,-379156
2025-06-30,은행,18,18453,18435
2025-06-30,기타금융,5766,845,-4921
2025-06-30,연기금 등,4498175,4590621,92446
2025-06-30,기관합계,5869438,6680009,810571
2025-06-30,기타법인,65288,101352,36064
2025-06-30,개인,2183805,6617828,4434023
2025-06-30,외국인,8988072,3683866,-5304206
2025-06-30,기타외국인,3691,27239,23548
2025-06-30,전체,17110294,17110294,0
2025-07-01,금융투자,804392,1905050,1100658
2025-07-01,보험,136368,162373,26005
2025-07-01,투신,234447,384828,150381
2025-07-01,사모,354826,231325,-123501
2025-07-01,은행,88,5168,5080
2025-07-01,기타금융,9774,4846,-4928
2025-07-01,연기금 등,3748907,3713958,-34949
2025-07-01,기관합계,5288802,6407548,1118746
2025-07-01,기타법인,41907,46462,4555
2025-07-01,개인,4661583,3403898,-1257685
2025-07-01,외국인,3652647,3790501,137854
2025-07-01,기타외국인,6052,2582,-3470
2025-07-01,전체,13650991,13650991,0
2025-07-02,금융투자,785610,1468342,682732
2025-07-02,보험,101207,109297,8090
2025-07-02,투신,204701,329900,125199
2025-07-02,사모,153558,143807,-9751
2025-07-02,은행,67,3006,2939
2025-07-02,기타금융,490,956,466
2025-07-02,연기금 등,3802854,3918257,115403
2025-07-02,기관합계,5048487,5973565,925078
2025-07-02,기타법인,110389,71750,-38639
2025-07-02,개인,4018871,3494293,-524578
2025-07-02,외국인,5867069,5499013,-368056
2025-07-02,기타외국인,3135,9330,6195
2025-07-02,전체,15047951,15047951,0
2025-07-03,금융투자,1077752,2825839,1748087
2025-07-03,보험,159899,205463,45564
2025-07-03,투신,225049,1036083,811034
2025-07-03,사모,50458,916176,865718
2025-07-03,은행,2090,21869,19779
2025-07-03,기타금융,33879,80793,46914
2025-07-03,연기금 등,5901603,6466329,564726
2025-07-03,기관합계,7450730,11552552,4101822
2025-07-03,기타법인,417535,847848,430313
2025-07-03,개인,20118782,6570018,-13548764
2025-07-03,외국인,4002309,13057668,9055359
2025-07-03,기타외국인,51283,12553,-38730
2025-07-03,전체,32040639,32040639,0
2025-07-04,금융투자,1846708,525434,-1321274
2025-07-04,보험,228236,138775,-89461
2025-07-04,투신,433618,454081,20463
2025-07-04,사모,160005,455287,295282
2025-07-04,은행,10442,7692,-2750
2025-07-04,기타금융,50019,17739,-32280
2025-07-04,연기금 등,5568279,5880414,312135
2025-07-04,기관합계,8297307,7479422,-817885
2025-07-04,기타법인,110384,357037,246653
2025-07-04,개인,6311742,7070467,758725
2025-07-04,외국인,9014189,8810298,-203891
2025-07-04,기타외국인,15337,31735,16398
2025-07-04,전체,23748959,23748959,0
2025-07-07,금융투자,836615,542207,-294408
2025-07-07,보험,73992,61713,-12279
2025-07-07,투신,524501,159731,-364770
2025-07-07,사모,387391,99295,-288096
2025-07-07,은행,8018,157,-7861
2025-07-07,기타금융,705,17626,16921
2025-07-07,연기금 등,5906922,5836695,-70227
2025-07-07,기관합계,7738144,6717424,-1020720
2025-07-07,기타법인,185618,51435,-134183
2025-07-07,개인,3251293,7221712,3970419
2025-07-07,외국인,5958933,3163973,-2794960
2025-07-07,기타외국인,30720,10164,-20556
2025-07-07,전체,17164708,17164708,0
2025-07-08,금융투자,723349,747836,24487
2025-07-08,보험,147029,107314,-39715
2025-07-08,투신,615042,130577,-484465
2025-07-08,사모,415301,130464,-284837
2025-07-08,은행,122,463,341
2025-07-08,기타금융,799,80029,79230
2025-07-08,연기금 등,6272007,6103418,-168589
2025-07-08,기관합계,8173649,7300101,-873548
2025-07-08,기타법인,568034,368106,-199928
2025-07-08,개인,4545625,7540568,2994943
2025-07-08,외국인,6913418,4989436,-1923982
2025-07-08,기타외국인,12998,15513,2515
2025-07-08,전체,20213724,20213724,0
2025-07-09,금융투자,1205618,247474,-958144
2025-07-09,보험,165507,48235,-117272
2025-07-09,투신,440440,61314,-379126
2025-07-09,사모,248822,43027,-205795
2025-07-09,은행,27033,394,-26639
2025-07-09,기타금융,3513,10025,6512
2025-07-09,연기금 등,4570907,4182496,-388411
2025-07-09,기관합계,6661840,4592965,-2068875
2025-07-09,기타법인,75042,1167586,1092544
2025-07-09,개인,3846447,8161611,4315164
2025-07-09,외국인,6943076,3588295,-3354781
2025-07-09,기타외국인,7010,22958,15948
2025-07-09,전체,17533415,17533415,0
2025-07-10,금융투자,2922914,1327376,-1595538
2025-07-10,보험,129676,47826,-81850
2025-07-10,투신,192486,56350,-136136
2025-07-10,사모,116718,127199,10481
2025-07-10,은행,1886,493,-1393
2025-07-10,기타금융,1190,11,-1179
2025-07-10,연기금 등,4197125,4253625,56500
2025-07-10,기관합계,7561995,5812880,-1749115
2025-07-10,기타법인,62528,1050830,988302
2025-07-10,개인,3121687,3239924,118237
2025-07-10,외국인,4017510,4654452,636942
2025-07-10,기타외국인,4753,10387,5634
2025-07-10,전체,14768473,14768473,0
2025-07-11,금융투자,892994,555838,-337156
2025-07-11,보험,118726,165213,46487
2025-07-11,투신,190907,347031,156124
2025-07-11,사모,57534,335928,278394
2025-07-11,은행,293,37755,37462
2025-07-11,기타금융,104440,540,-103900
2025-07-11,연기금 등,4151765,4140955,-10810
2025-07-11,기관합계,5516659,5583260,66601
2025-07-11,기타법인,125929,1120174,994245
2025-07-11,개인,9840702,3848174,-5992528
2025-07-11,외국인,3641992,8585011,4943019
2025-07-11,기타외국인,15368,4031,-11337
2025-07-11,전체,19140650,19140650,0
2025-07-14,금융투자,879503,467215,-412288
2025-07-14,보험,130035,97390,-32645
2025-07-14,투신,195540,206590,11050
2025-07-14,사모,76013,48870,-27143
2025-07-14,은행,185,32,-153
2025-07-14,기타금융,21217,23,-21194
2025-07-14,연기금 등,4184517,4516942,332425
2025-07-14,기관합계,5487010,5337062,-149948
2025-07-14,기타법인,39974,1079255,1039281
2025-07-14,개인,2978686,2780499,-198187
2025-07-14,외국인,5049299,4361354,-687945
2025-07-14,기타외국인,8877,5676,-3201
2025-07-14,전체,13563846,13563846,0
2025-07-15,금융투자,1663135,812516,-850619
2025-07-15,보험,63282,58602,-4680
2025-07-15,투신,110718,260169,149451
2025-07-15,사모,29467,160489,131022
2025-07-15,은행,1090,122,-968
2025-07-15,기타금융,8017,20,-7997
2025-07-15,연기금 등,5225816,5391798,165982
2025-07-15,기관합계,7101525,6683716,-417809
2025-07-15,기타법인,135431,1165105,1029674
2025-07-15,개인,6882967,2626367,-4256600
2025-07-15,외국인,4302852,7961538,3658686
2025-07-15,기타외국인,19427,5476,-13951
2025-07-15,전체,18442202,18442202,0
2025-07-16,금융투자,1751041,1054377,-696664
2025-07-16,보험,57408,58316,908
2025-07-16,투신,279463,192801,-86662
2025-07-16,사모,496864,150807,-346057
2025-07-16,은행,10,230,220
2025-07-16,기타금융,5282,1606,-3676
2025-07-16,연기금 등,5360096,5459057,98961
2025-07-16,기관합계,7950164,6917194,-1032970
2025-07-16,기타법인,178961,1141188,962227
2025-07-16,개인,9066373,3360657,-5705716
2025-07-16,외국인,5811019,11603933,5792914
2025-07-16,기타외국인,36143,19688,-16455
2025-07-16,전체,23042660,23042660,0
2025-07-17,금융투자,1639148,2096348,457200
2025-07-17,보험,78742,179147,100405
2025-07-17,투신,213807,838460,624653
2025-07-17,사모,197833,261796,63963
2025-07-17,은행,9854,123,-9731
2025-07-17,기타금융,20467,8286,-12181
2025-07-17,연기금 등,8236277,8884720,648443
2025-07-17,기관합계,10396128,12268880,1872752
2025-07-17,기타법인,292332,1521959,1229627
2025-07-17,개인,18895634,7834758,-11060876
2025-07-17,외국인,9809708,17743361,7933653
2025-07-17,기타외국인,54881,79725,24844
2025-07-17,전체,39448683,39448683,0
2025-07-18,금융투자,2306527,835741,-1470786
2025-07-18,보험,105808,79026,-26782
2025-07-18,투신,115288,267862,152574
2025-07-18,사모,41925,55465,13540
2025-07-18,은행,5142,705,-4437
2025-07-18,기타금융,1712,4361,2649
2025-07-18,연기금 등,4774670,4483772,-290898
2025-07-18,기관합계,7351072,5726932,-1624140
2025-07-18,기타법인,176674,1113671,936997
2025-07-18,개인,8933837,3704357,-5229480
2025-07-18,외국인,7469118,13396207,5927089
2025-07-18,기타외국인,20830,10364,-10466
2025-07-18,전체,23951531,23951531,0
2025-07-21,금융투자,1266391,572470,-693921
2025-07-21,보험,166194,60879,-105315
2025-07-21,투신,210305,303217,92912
2025-07-21,사모,91452,107819,16367
2025-07-21,은행,20463,676,-19787
2025-07-21,기타금융,15779,1361,-14418
2025-07-21,연기금 등,4238375,4288631,50256
2025-07-21,기관합계,6008959,5335053,-673906
2025-07-21,기타법인,61843,959945,898102
2025-07-21,개인,6175405,3143739,-3031666
2025-07-21,외국인,5437259,8278514,2841255
2025-07-21,기타외국인,39682,5897,-33785
2025-07-21,전체,17723148,17723148,0
2025-07-22,금융투자,1009767,923934,-85833
2025-07-22,보험,60447,52470,-7977
2025-07-22,투신,433988,86357,-347631
2025-07-22,사모,437702,81639,-356063
2025-07-22,은행,9135,176,-8959
2025-07-22,기타금융,22408,159,-22249
2025-07-22,연기금 등,6647632,6680245,32613
2025-07-22,기관합계,8621079,7824980,-796099
2025-07-22,기타법인,400901,1127204,726303
2025-07-22,개인,5736786,6510018,773232
2025-07-22,외국인,6051895,5349543,-702352
2025-07-22,기타외국인,18345,17261,-1084
2025-07-22,전체,20829006,20829006,0
2025-07-23,금융투자,648075,1887058,1238983
2025-07-23,보험,37219,47040,9821
2025-07-23,투신,544911,49039,-495872
2025-07-23,사모,121825,87770,-34055
2025-07-23,은행,4148,15,-4133
2025-07-23,기타금융,16,5324,5308
2025-07-23,연기금 등,5848389,4781405,-1066984
2025-07-23,기관합계,7204583,6857651,-346932
2025-07-23,기타법인,92258,979991,887733
2025-07-23,개인,3483852,4035993,552141
2025-07-23,외국인,4899052,3805531,-1093521
2025-07-23,기타외국인,7313,7892,579
2025-07-23,전체,15687058,15687058,0
2025-07-24,금융투자,1486571,1329855,-156716
2025-07-24,보험,168312,21426,-146886
2025-07-24,투신,336400,28598,-307802
2025-07-24,사모,147585,119615,-27970
2025-07-24,은행,3129,288,-2841
2025-07-24,기타금융,12808,318,-12490
2025-07-24,연기금 등,3327902,3043650,-284252
2025-07-24,기관합계,5482707,4543750,-938957
2025-07-24,기타법인,239843,1027543,787700
2025-07-24,개인,3484103,3010073,-474030
2025-07-24,외국인,3445250,4067953,622703
2025-07-24,기타외국인,8290,10874,2584
2025-07-24,전체,12660193,12660193,0
2025-07-25,금융투자,549773,388167,-161606
2025-07-25,보험,100619,73702,-26917
2025-07-25,투신,286455,30759,-255696
2025-07-25,사모,252118,7291,-244827
2025-07-25,은행,1211,141,-1070
2025-07-25,기타금융,11598,5019,-6579
2025-07-25,연기금 등,2632543,2459638,-172905
2025-07-25,기관합계,3834317,2964717,-869600
2025-07-25,기타법인,54685,914218,859533
2025-07-25,개인,2401880,1645526,-756354
2025-07-25,외국인,1785216,2550545,765329
2025-07-25,기타외국인,4812,5904,1092
2025-07-25,전체,8080910,8080910,0
2025-07-28,금융투자,929342,3674032,2744690
2025-07-28,보험,140197,165462,25265
2025-07-28,투신,301729,713315,411586
2025-07-28,사모,79192,425204,346012
2025-07-28,은행,2637,11452,8815
2025-07-28,기타금융,15159,16552,1393
2025-07-28,연기금 등,6582059,6754264,172205
2025-07-28,기관합계,8050315,11760281,3709966
2025-07-28,기타법인,245464,1015551,770087
2025-07-28,개인,21860973,7532740,-14328233
2025-07-28,외국인,5108846,15006513,9897667
2025-07-28,기타외국인,66902,17415,-49487
2025-07-28,전체,35332500,35332500,0
2025-07-29,금융투자,1553789,1018842,-534947
2025-07-29,보험,84749,76557,-8192
2025-07-29,투신,380748,340317,-40431
2025-07-29,사모,59966,149762,89796
2025-07-29,은행,1505,10249,8744
2025-07-29,기타금융,5390,287,-5103
2025-07-29,연기금 등,6689009,6552334,-136675
2025-07-29,기관합계,8775156,8148348,-626808
2025-07-29,기타법인,375331,1110195,734864
2025-07-29,개인,9281970,5584018,-3697952
2025-07-29,외국인,9733851,13317569,3583718
2025-07-29,기타외국인,24632,30810,6178
2025-07-29,전체,28190940,28190940,0
2025-07-30,금융투자,1097610,1736556,638946
2025-07-30,보험,285423,102658,-182765
2025-07-30,투신,297877,371308,73431
2025-07-30,사모,101305,498511,397206
2025-07-30,은행,6061,27034,20973
2025-07-30,기타금융,18893,16407,-2486
2025-07-30,연기금 등,7155419,7497297,341878
2025-07-30,기관합계,8962588,10249771,1287183
2025-07-30,기타법인,512626,1087612,574986
2025-07-30,개인,16587685,6612278,-9975407
2025-07-30,외국인,8659776,16791276,8131500
2025-07-30,기타외국인,38769,20507,-18262
2025-07-30,전체,34761444,34761444,0
2025-07-31,금융투자,1804731,763425,-1041306
2025-07-31,보험,176022,56893,-119129
2025-07-31,투신,555082,157322,-397760
2025-07-31,사모,306992,47938,-259054
2025-07-31,은행,10204,25974,15770
2025-07-31,기타금융,18,20,2
2025-07-31,연기금 등,5950595,5604222,-346373
2025-07-31,기관합계,8803644,6655794,-2147850
2025-07-31,기타법인,211091,1176184,965093
2025-07-31,개인,5981223,8222335,2241112
2025-07-31,외국인,11547609,10491165,-1056444
2025-07-31,기타외국인,24505,22594,-1911
2025-07-31,전체,26568072,26568072,0
2025-08-01,금융투자,1546394,445325,-1101069
2025-08-01,보험,280776,62686,-218090
2025-08-01,투신,552312,68500,-483812
2025-08-01,사모,537837,67064,-470773
2025-08-01,은행,173696,4681,-169015
2025-08-01,기타금융,13036,10970,-2066
2025-08-01,연기금 등,6160039,6174737,14698
2025-08-01,기관합계,9264090,6833963,-2430127
2025-08-01,기타법인,167308,1093200,925892
2025-08-01,개인,7401520,9421626,2020106
2025-08-01,외국인,7163727,6637196,-526531
2025-08-01,기타외국인,41889,52549,10660
2025-08-01,전체,24038534,24038534,0
2025-08-04,금융투자,1296732,664214,-632518
2025-08-04,보험,125758,85834,-39924
2025-08-04,투신,187679,132365,-55314
2025-08-04,사모,120776,77615,-43161
2025-08-04,은행,15087,5721,-9366
2025-08-04,기타금융,17,1322,1305
2025-08-04,연기금 등,3648074,3492303,-155771
2025-08-04,기관합계,5394123,4459374,-934749
2025-08-04,기타법인,119628,985483,865855
2025-08-04,개인,3387381,3922698,535317
2025-08-04,외국인,5870529,5398702,-471827
2025-08-04,기타외국인,8411,13815,5404
2025-08-04,전체,14780072,14780072,0
2025-08-05,금융투자,1025044,786458,-238586
2025-08-05,보험,140467,78757,-61710
2025-08-05,투신,272189,222684,-49505
2025-08-05,사모,139039,121226,-17813
2025-08-05,은행,18,11220,11202
2025-08-05,기타금융,1388,1826,438
2025-08-05,연기금 등,4398491,4858794,460303
2025-08-05,기관합계,5976636,6080965,104329
2025-08-05,기타법인,65741,1067187,1001446
2025-08-05,개인,3047382,4480509,1433127
2025-08-05,외국인,5295532,2751662,-2543870
2025-08-05,기타외국인,7612,12580,4968
2025-08-05,전체,14392903,14392903,0
2025-08-06,금융투자,491274,416960,-74314
2025-08-06,보험,189263,23112,-166151
2025-08-06,투신,511944,85746,-426198
2025-08-06,사모,168383,34957,-133426
2025-08-06,은행,10025,52,-9973
2025-08-06,기타금융,901,166,-735
2025-08-06,연기금 등,4708534,4573734,-134800
2025-08-06,기관합계,6080324,5134727,-945597
2025-08-06,기타법인,152039,941692,789653
2025-08-06,개인,2867886,3635560,767674
2025-08-06,외국인,3428937,2817412,-611525
2025-08-06,기타외국인,13229,13024,-205
2025-08-06,전체,12542415,12542415,0
2025-08-07,금융투자,808186,950891,142705
2025-08-07,보험,81187,87194,6007
2025-08-07,투신,370304,320295,-50009
2025-08-07,사모,347970,706127,358157
2025-08-07,은행,31,18517,18486
2025-08-07,기타금융,36678,1731,-34947
2025-08-07,연기금 등,3821298,3995499,174201
2025-08-07,기관합계,5465654,6080254,614600
2025-08-07,기타법인,94757,1047795,953038
2025-08-07,개인,4640095,3463163,-1176932
2025-08-07,외국인,4800101,4411101,-389000
2025-08-07,기타외국인,7606,5900,-1706
2025-08-07,전체,15008213,15008213,0
2025-08-08,금융투자,592507,1369579,777072
2025-08-08,보험,56239,70050,13811
2025-08-08,투신,160641,140756,-19885
2025-08-08,사모,133154,185276,52122
2025-08-08,은행,10488,893,-9595
2025-08-08,기타금융,1427,835,-592
2025-08-08,연기금 등,4969785,5093992,124207
2025-08-08,기관합계,5924241,6861381,937140
2025-08-08,기타법인,85493,1040612,955119
2025-08-08,개인,8177105,3990904,-4186201
2025-08-08,외국인,8040396,10335618,2295222
2025-08-08,기타외국인,13893,12613,-1280
2025-08-08,전체,22241128,22241128,0
2025-08-11,금융투자,444582,400318,-44264
2025-08-11,보험,108700,23391,-85309
2025-08-11,투신,282816,76842,-205974
2025-08-11,사모,192157,67125,-125032
2025-08-11,은행,6,2936,2930
2025-08-11,기타금융,760,23,-737
2025-08-11,연기금 등,3665021,3551585,-113436
2025-08-11,기관합계,4694042,4122220,-571822
2025-08-11,기타법인,99051,1014400,915349
2025-08-11,개인,2003849,3690122,1686273
2025-08-11,외국인,4550828,2519478,-2031350
2025-08-11,기타외국인,6483,8033,1550
2025-08-11,전체,11354253,11354253,0
2025-08-12,금융투자,731430,359237,-372193
2025-08-12,보험,58407,36832,-21575
2025-08-12,투신,138095,114934,-23161
2025-08-12,사모,80452,304192,223740
2025-08-12,은행,152,2073,1921
2025-08-12,기타금융,2758,2439,-319
2025-08-12,연기금 등,4155887,3993482,-162405
2025-08-12,기관합계,5167181,4813189,-353992
2025-08-12,기타법인,191246,1133727,942481
2025-08-12,개인,4595567,3489110,-1106457
2025-08-12,외국인,5827771,6357506,529735
2025-08-12,기타외국인,15891,4124,-11767
2025-08-12,전체,15797656,15797656,0
2025-08-13,금융투자,627663,692617,64954
2025-08-13,보험,36161,104667,68506
2025-08-13,투신,116696,53764,-62932
2025-08-13,사모,266078,40812,-225266
2025-08-13,은행,17000,4250,-12750
2025-08-13,기타금융,13,16,3
2025-08-13,연기금 등,3520274,3463326,-56948
2025-08-13,기관합계,4583885,4359452,-224433
2025-08-13,기타법인,27069,972436,945367
2025-08-13,개인,2608538,1598517,-1010021
2025-08-13,외국인,5076906,5371849,294943
2025-08-13,기타외국인,9344,3488,-5856
2025-08-13,전체,12305742,12305742,0
2025-08-14,금융투자,757231,2253898,1496667
2025-08-14,보험,23473,27436,3963
2025-08-14,투신,153217,93506,-59711
2025-08-14,사모,61782,64021,2239
2025-08-14,은행,39,76,37
2025-08-14,기타금융,6313,2187,-4126
2025-08-14,연기금 등,3411219,3299651,-111568
2025-08-14,기관합계,4413274,5740775,1327501
2025-08-14,기타법인,27916,995322,967406
2025-08-14,개인,1995346,1515121,-480225
2025-08-14,외국인,5506528,3691237,-1815291
2025-08-14,기타외국인,3058,3667,609
2025-08-14,전체,11946122,11946122,0
2025-08-18,금융투자,414440,594832,180392
2025-08-18,보험,54860,44047,-10813
2025-08-18,투신,387622,114863,-272759
2025-08-18,사모,205815,56421,-149394
2025-08-18,은행,1511,344,-1167
2025-08-18,기타금융,9292,209,-9083
2025-08-18,연기금 등,2961707,2925639,-36068
2025-08-18,기관합계,4035247,3736355,-298892
2025-08-18,기타법인,117513,975327,857814
2025-08-18,개인,2118045,4042792,1924747
2025-08-18,외국인,7320454,4831219,-2489235
2025-08-18,기타외국인,4332,9898,5566
2025-08-18,전체,13595591,13595591,0
2025-08-19,금융투자,124057,902284,778227
2025-08-19,보험,56663,47433,-9230
2025-08-19,투신,180007,117782,-62225
2025-08-19,사모,84607,48885,-35722
2025-08-19,은행,1043,3573,2530
2025-08-19,기타금융,2281,478,-1803
2025-08-19,연기금 등,3295992,3338658,42666
2025-08-19,기관합계,3744650,4459093,714443
2025-08-19,기타법인,89532,942814,853282
2025-08-19,개인,2235514,1712932,-522582
2025-08-19,외국인,4457048,3414243,-1042805
2025-08-19,기타외국인,6338,4000,-2338
2025-08-19,전체,10533082,10533082,0
2025-08-20,금융투자,404385,1838740,1434355
2025-08-20,보험,61587,81820,20233
2025-08-20,투신,147086,184813,37727
2025-08-20,사모,106054,306967,200913
2025-08-20,은행,0,267,267
2025-08-20,기타금융,5571,12026,6455
2025-08-20,연기금 등,3955924,4162552,206628
2025-08-20,기관합계,4680607,6587185,1906578
2025-08-20,기타법인,120114,962480,842366
2025-08-20,개인,4843563,2019402,-2824161
2025-08-20,외국인,7789173,7870225,81052
2025-08-20,기타외국인,12059,6224,-5835
2025-08-20,전체,17445516,17445516,0
2025-08-21,금융투자,1489206,341969,-1147237
2025-08-21,보험,86947,19852,-67095
2025-08-21,투신,291251,154831,-136420
2025-08-21,사모,287682,251065,-36617
2025-08-21,은행,310,126,-184
2025-08-21,기타금융,1760,6395,4635
2025-08-21,연기금 등,4037115,4094569,57454
2025-08-21,기관합계,6194271,4868807,-1325464
2025-08-21,기타법인,54174,946406,892232
2025-08-21,개인,4639666,3158829,-1480837
2025-08-21,외국인,7945526,9836883,1891357
2025-08-21,기타외국인,10196,32908,22712
2025-08-21,전체,18843833,18843833,0
2025-08-22,금융투자,510392,157489,-352903
2025-08-22,보험,48255,17770,-30485
2025-08-22,투신,69445,225036,155591
2025-08-22,사모,36116,140941,104825
2025-08-22,은행,92,26,-66
2025-08-22,기타금융,16,18,2
2025-08-22,연기금 등,1979277,2136337,157060
2025-08-22,기관합계,2643593,2677617,34024
2025-08-22,기타법인,29059,932147,903088
2025-08-22,개인,2900887,1535276,-1365611
2025-08-22,외국인,3698100,4126418,428318
2025-08-22,기타외국인,5793,5974,181
2025-08-22,전체,9277432,9277432,0
2025-08-25,금융투자,326223,686527,360304
2025-08-25,보험,92714,8167,-84547
2025-08-25,투신,130842,27382,-103460
2025-08-25,사모,587403,16258,-571145
2025-08-25,은행,52003,527,-51476
2025-08-25,기타금융,3204,28,-3176
2025-08-25,연기금 등,2629075,2576517,-52558
2025-08-25,기관합계,3821464,3315406,-506058
2025-08-25,기타법인,54681,980908,926227
2025-08-25,개인,1743603,3245114,1501511
2025-08-25,외국인,4719042,2794531,-1924511
2025-08-25,기타외국인,6388,9219,2831
2025-08-25,전체,10345178,10345178,0
2025-08-26,금융투자,761030,532446,-228584
2025-08-26,보험,111268,13808,-97460
2025-08-26,투신,385088,21396,-363692
2025-08-26,사모,126304,72863,-53441
2025-08-26,은행,567,221,-346
2025-08-26,기타금융,239,17,-222
2025-08-26,연기금 등,4050548,3889136,-161412
2025-08-26,기관합계,5435044,4529887,-905157
2025-08-26,기타법인,118841,966383,847542
2025-08-26,개인,1890876,4220209,2329333
2025-08-26,외국인,7263742,4987000,-2276742
2025-08-26,기타외국인,4016,9040,5024
2025-08-26,전체,14712519,14712519,0
2025-08-27,금융투자,617745,512737,-105008
2025-08-27,보험,12208,32811,20603
2025-08-27,투신,110002,35024,-74978
2025-08-27,사모,25331,71909,46578
2025-08-27,은행,159,56,-103
2025-08-27,기타금융,19,6021,6002
2025-08-27,연기금 등,2085461,2110286,24825
2025-08-27,기관합계,2850925,2768844,-82081
2025-08-27,기타법인,111289,979818,868529
2025-08-27,개인,2303960,2365744,61784
2025-08-27,외국인,5253540,4402532,-851008
2025-08-27,기타외국인,3691,6467,2776
2025-08-27,전체,10523405,10523405,0
2025-08-28,금융투자,487971,608898,120927
2025-08-28,보험,142193,3878,-138315
2025-08-28,투신,354739,31166,-323573
2025-08-28,사모,47526,6413,-41113
2025-08-28,은행,264,114,-150
2025-08-28,기타금융,5769,163,-5606
2025-08-28,연기금 등,2890979,2485767,-405212
2025-08-28,기관합계,3929441,3136399,-793042
2025-08-28,기타법인,42517,971338,928821
2025-08-28,개인,1520727,4847777,3327050
2025-08-28,외국인,6075100,2613966,-3461134
2025-08-28,기타외국인,10239,8544,-1695
2025-08-28,전체,11578024,11578024,0
2025-08-29,금융투자,207568,414604,207036
2025-08-29,보험,57364,35966,-21398
2025-08-29,투신,271451,5407,-266044
2025-08-29,사모,81532,6610,-74922
2025-08-29,은행,0,1500,1500
2025-08-29,기타금융,21173,159,-21014
2025-08-29,연기금 등,2580442,2589852,9410
2025-08-29,기관합계,3219530,3054098,-165432
2025-08-29,기타법인,41649,921638,879989
2025-08-29,개인,1612233,2677139,1064906
2025-08-29,외국인,6797325,5023390,-1773935
2025-08-29,기타외국인,11530,6002,-5528
2025-08-29,전체,11682267,11682267,0
2025-09-01,금융투자,708148,342276,-365872
2025-09-01,보험,118610,30251,-88359
2025-09-01,투신,347396,114165,-233231
2025-09-01,사모,146262,6693,-139569
2025-09-01,은행,1974,21006,19032
2025-09-01,기타금융,13759,174,-13585
2025-09-01,연기금 등,3033537,2776746,-256791
2025-09-01,기관합계,4369686,3291311,-1078375
2025-09-01,기타법인,156947,1081106,924159
2025-09-01,개인,2625893,5487379,2861486
2025-09-01,외국인,4829893,2124638,-2705255
2025-09-01,기타외국인,19924,17909,-2015
2025-09-01,전체,12002343,12002343,0
2025-09-02,금융투자,1146460,367447,-779013
2025-09-02,보험,33125,65951,32826
2025-09-02,투신,55745,65908,10163
2025-09-02,사모,70024,32167,-37857
2025-09-02,은행,5332,60,-5272
2025-09-02,기타금융,13,13,0
2025-09-02,연기금 등,2608898,2583001,-25897
2025-09-02,기관합계,3919597,3114547,-805050
2025-09-02,기타법인,30027,924056,894029
2025-09-02,개인,3372080,1368489,-2003591
2025-09-02,외국인,3269339,5188673,1919334
2025-09-02,기타외국인,12985,8263,-4722
2025-09-02,전체,10604028,10604028,0
2025-09-03,금융투자,1255655,126661,-1128994
2025-09-03,보험,86927,35163,-51764
2025-09-03,투신,84807,133847,49040
2025-09-03,사모,46127,177649,131522
2025-09-03,은행,16,14,-2
2025-09-03,기타금융,12,243,231
2025-09-03,연기금 등,2655641,2544131,-111510
2025-09-03,기관합계,4129185,3017708,-1111477
2025-09-03,기타법인,15258,973486,958228
2025-09-03,개인,2278436,1043825,-1234611
2025-09-03,외국인,3856169,5246435,1390266
2025-09-03,기타외국인,3961,1555,-2406
2025-09-03,전체,10283009,10283009,0
2025-09-04,금융투자,968173,590799,-377374
2025-09-04,보험,183610,55150,-128460
2025-09-04,투신,210782,13483,-197299
2025-09-04,사모,76264,122491,46227
2025-09-04,은행,418,10035,9617
2025-09-04,기타금융,3958,16074,12116
2025-09-04,연기금 등,2515450,2505393,-10057
2025-09-04,기관합계,3958655,3313425,-645230
2025-09-04,기타법인,27300,932204,904904
2025-09-04,개인,1933412,1258624,-674788
2025-09-04,외국인,6360201,6778993,418792
2025-09-04,기타외국인,4846,1168,-3678
2025-09-04,전체,12284414,12284414,0
2025-09-05,금융투자,652380,954602,302222
2025-09-05,보험,121378,29627,-91751
2025-09-05,투신,229158,19506,-209652
2025-09-05,사모,104205,53674,-50531
2025-09-05,은행,20,1674,1654
2025-09-05,기타금융,15,1348,1333
2025-09-05,연기금 등,3389456,3332942,-56514
2025-09-05,기관합계,4496612,4393373,-103239
2025-09-05,기타법인,51015,955840,904825
2025-09-05,개인,1622241,2371448,749207
2025-09-05,외국인,5355154,3803176,-1551978
2025-09-05,기타외국인,1702,2887,1185
2025-09-05,전체,11526724,11526724,0
2025-09-08,금융투자,675564,784233,108669
2025-09-08,보험,76370,44365,-32005
2025-09-08,투신,130725,66795,-63930
2025-09-08,사모,89643,60747,-28896
2025-09-08,은행,243,5236,4993
2025-09-08,기타금융,15,8404,8389
2025-09-08,연기금 등,1919459,1755220,-164239
2025-09-08,기관합계,2892019,2725000,-167019
2025-09-08,기타법인,30746,904685,873939
2025-09-08,개인,2647882,1258641,-1389241
2025-09-08,외국인,3688125,4373531,685406
2025-09-08,기타외국인,4363,1278,-3085
2025-09-08,전체,9263135,9263135,0
2025-09-09,금융투자,427042,1592495,1165453
2025-09-09,보험,109682,75477,-34205
2025-09-09,투신,127651,278221,150570
2025-09-09,사모,86135,203780,117645
2025-09-09,은행,65289,9601,-55688
2025-09-09,기타금융,8812,3066,-5746
2025-09-09,연기금 등,2548663,3074971,526308
2025-09-09,기관합계,3373274,5237611,1864337
2025-09-09,기타법인,110110,909723,799613
2025-09-09,개인,7625416,1113934,-6511482
2025-09-09,외국인,3737884,7608101,3870217
2025-09-09,기타외국인,23561,876,-22685
2025-09-09,전체,14870245,14870245,0
2025-09-10,금융투자,592553,3885099,3292546
2025-09-10,보험,186091,138807,-47284
2025-09-10,투신,520225,603045,82820
2025-09-10,사모,16896,828453,811557
2025-09-10,은행,2182,35009,32827
2025-09-10,기타금융,11650,11595,-55
2025-09-10,연기금 등,3953592,4363652,410060
2025-09-10,기관합계,5283189,9865660,4582471
2025-09-10,기타법인,333188,952076,618888
2025-09-10,개인,12126853,1644599,-10482254
2025-09-10,외국인,4158993,9441007,5282014
2025-09-10,기타외국인,26342,25223,-1119
2025-09-10,전체,21928565,21928565,0
2025-09-11,금융투자,1908339,6509205,4600866
2025-09-11,보험,117625,55146,-62479
2025-09-11,투신,457789,937185,479396
2025-09-11,사모,262249,768981,506732
2025-09-11,은행,127,11533,11406
2025-09-11,기타금융,582,5634,5052
2025-09-11,연기금 등,5207040,5224685,17645
2025-09-11,기관합계,7953751,13512369,5558618
2025-09-11,기타법인,377473,962390,584917
2025-09-11,개인,7977481,1910352,-6067129
2025-09-11,외국인,4471448,4404190,-67258
2025-09-11,기타외국인,13348,4200,-9148
2025-09-11,전체,20793501,20793501,0
2025-09-12,금융투자,716954,4855387,4138433
2025-09-12,보험,147895,125872,-22023
2025-09-12,투신,728179,559125,-169054
2025-09-12,사모,396434,1452464,1056030
2025-09-12,은행,175047,16166,-158881
2025-09-12,기타금융,64946,17476,-47470
2025-09-12,연기금 등,3386828,4604951,1218123
2025-09-12,기관합계,5616283,11631441,6015158
2025-09-12,기타법인,574920,979182,404262
2025-09-12,개인,19352568,2389824,-16962744
2025-09-12,외국인,2626172,13152711,10526539
2025-09-12,기타외국인,49735,66520,16785
2025-09-12,전체,28219678,28219678,0
2025-09-15,금융투자,955933,1331702,375769
2025-09-15,보험,252590,93139,-159451
2025-09-15,투신,272959,673219,400260
2025-09-15,사모,258728,986770,728042
2025-09-15,은행,136233,48,-136185
2025-09-15,기타금융,10186,17638,7452
2025-09-15,연기금 등,3689540,4133889,444349
2025-09-15,기관합계,5576169,7236405,1660236
2025-09-15,기타법인,493363,856279,362916
2025-09-15,개인,8427982,3008497,-5419485
2025-09-15,외국인,5364765,8796036,3431271
2025-09-15,기타외국인,46526,11588,-34938
2025-09-15,전체,19908805,19908805,0
2025-09-16,금융투자,1287099,1951205,664106
2025-09-16,보험,73890,111623,37733
2025-09-16,투신,244299,336198,91899
2025-09-16,사모,834027,381677,-452350
2025-09-16,은행,18413,15025,-3388
2025-09-16,기타금융,19216,5523,-13693
2025-09-16,연기금 등,4337628,4899837,562209
2025-09-16,기관합계,6814572,7701088,886516
2025-09-16,기타법인,1167923,869133,-298790
2025-09-16,개인,16280080,2626667,-13653413
2025-09-16,외국인,3890337,17011359,13121022
2025-09-16,기타외국인,65353,10018,-55335
2025-09-16,전체,28218265,28218265,0
2025-09-17,금융투자,1350347,259363,-1090984
2025-09-17,보험,134893,92779,-42114
2025-09-17,투신,320863,242264,-78599
2025-09-17,사모,382656,359964,-22692
2025-09-17,은행,2515,23067,20552
2025-09-17,기타금융,2273,2649,376
2025-09-17,연기금 등,4309255,4725492,416237
2025-09-17,기관합계,6502802,5705578,-797224
2025-09-17,기타법인,183081,853031,669950
2025-09-17,개인,6894614,4902161,-1992453
2025-09-17,외국인,7264519,9379230,2114711
2025-09-17,기타외국인,11301,16317,5016
2025-09-17,전체,20856317,20856317,0
2025-09-18,금융투자,1036731,3137619,2100888
2025-09-18,보험,94195,101949,7754
2025-09-18,투신,186615,860596,673981
2025-09-18,사모,100314,1107124,1006810
2025-09-18,은행,13764,19318,5554
2025-09-18,기타금융,8647,2112,-6535
2025-09-18,연기금 등,4542143,5278187,736044
2025-09-18,기관합계,5982409,10506905,4524496
2025-09-18,기타법인,662036,1222162,560126
2025-09-18,개인,13059004,3620884,-9438120
2025-09-18,외국인,5887270,10261674,4374404
2025-09-18,기타외국인,28316,7410,-20906
2025-09-18,전체,25619035,25619035,0
2025-09-19,금융투자,1281262,883763,-397499
2025-09-19,보험,116395,84595,-31800
2025-09-19,투신,221369,139609,-81760
2025-09-19,사모,750426,131529,-618897
2025-09-19,은행,17334,39,-17295
2025-09-19,기타금융,5015,230,-4785
2025-09-19,연기금 등,2862512,2941497,78985
2025-09-19,기관합계,5254313,4181262,-1073051
2025-09-19,기타법인,129713,926669,796956
2025-09-19,개인,4047462,4193543,146081
2025-09-19,외국인,11413715,11589196,175481
2025-09-19,기타외국인,53183,7716,-45467
2025-09-19,전체,20898386,20898386,0
2025-09-22,금융투자,720083,1544417,824334
2025-09-22,보험,352117,26908,-325209
2025-09-22,투신,369787,664633,294846
2025-09-22,사모,207672,1043498,835826
2025-09-22,은행,23766,146,-23620
2025-09-22,기타금융,6151,21,-6130
2025-09-22,연기금 등,5463138,5795348,332210
2025-09-22,기관합계,7142714,9074971,1932257
2025-09-22,기타법인,565271,920372,355101
2025-09-22,개인,15044986,4750690,-10294296
2025-09-22,외국인,4725789,12760382,8034593
2025-09-22,기타외국인,50896,23241,-27655
2025-09-22,전체,27529656,27529656,0
2025-09-23,금융투자,1733453,621947,-1111506
2025-09-23,보험,199934,40588,-159346
2025-09-23,투신,309392,288623,-20769
2025-09-23,사모,331391,289669,-41722
2025-09-23,은행,122121,13194,-108927
2025-09-23,기타금융,7770,79,-7691
2025-09-23,연기금 등,4619624,4769303,149679
2025-09-23,기관합계,7323685,6023403,-1300282
2025-09-23,기타법인,153092,767438,614346
2025-09-23,개인,7144985,5912529,-1232456
2025-09-23,외국인,8973079,10864862,1891783
2025-09-23,기타외국인,15422,42031,26609
2025-09-23,전체,23610263,23610263,0
2025-09-24,금융투자,418078,1045577,627499
2025-09-24,보험,145105,19574,-125531
2025-09-24,투신,160070,275800,115730
2025-09-24,사모,195235,245289,50054
2025-09-24,은행,51517,42497,-9020
2025-09-24,기타금융,3640,10961,7321
2025-09-24,연기금 등,3939497,3791122,-148375
2025-09-24,기관합계,4913142,5430820,517678
2025-09-24,기타법인,234800,623889,389089
2025-09-24,개인,5539467,3827112,-1712355
2025-09-24,외국인,7581973,8412886,830913
2025-09-24,기타외국인,31615,6290,-25325
2025-09-24,전체,18300997,18300997,0
2025-09-25,금융투자,832565,1089172,256607
2025-09-25,보험,259094,26253,-232841
2025-09-25,투신,100925,281237,180312
2025-09-25,사모,138819,429855,291036
2025-09-25,은행,1785,838,-947
2025-09-25,기타금융,3583,3232,-351
2025-09-25,연기금 등,4006950,3789999,-216951
2025-09-25,기관합계,5343721,5620586,276865
2025-09-25,기타법인,162595,650357,487762
2025-09-25,개인,8109003,2455259,-5653744
2025-09-25,외국인,6029599,10921390,4891791
2025-09-25,기타외국인,20233,17559,-2674
2025-09-25,전체,19665151,19665151,0
2025-09-26,금융투자,2323288,799465,-1523823
2025-09-26,보험,161161,12340,-148821
2025-09-26,투신,354468,282751,-71717
2025-09-26,사모,1074145,64807,-1009338
2025-09-26,은행,35411,1271,-34140
2025-09-26,기타금융,24946,6417,-18529
2025-09-26,연기금 등,5484280,5453738,-30542
2025-09-26,기관합계,9457699,6620789,-2836910
2025-09-26,기타법인,165492,623551,458059
2025-09-26,개인,7336387,8147092,810705
2025-09-26,외국인,7084350,8656698,1572348
2025-09-26,기타외국인,27265,23063,-4202
2025-09-26,전체,24071193,24071193,0
2025-09-29,금융투자,653398,1070820,417422
2025-09-29,보험,88350,16158,-72192
2025-09-29,투신,91763,231109,139346
2025-09-29,사모,115253,181780,66527
2025-09-29,은행,1070,53,-1017
2025-09-29,기타금융,11058,144,-10914
2025-09-29,연기금 등,2800580,3227752,427172
2025-09-29,기관합계,3761472,4727816,966344
2025-09-29,기타법인,112562,469706,357144
2025-09-29,개인,4873735,2507728,-2366007
2025-09-29,외국인,4315721,5355987,1040266
2025-09-29,기타외국인,5604,7857,2253
2025-09-29,전체,13069094,13069094,0
2025-09-30,금융투자,999423,568460,-430963
2025-09-30,보험,30901,21760,-9141
2025-09-30,투신,128120,235132,107012
2025-09-30,사모,249974,316078,66104
2025-09-30,은행,146,394,248
2025-09-30,기타금융,1178,431,-747
2025-09-30,연기금 등,3774216,3800746,26530
2025-09-30,기관합계,5183958,4943001,-240957
2025-09-30,기타법인,62955,156124,93169
2025-09-30,개인,3516172,2400274,-1115898
2025-09-30,외국인,7546524,8815892,1269368
2025-09-30,기타외국인,9452,3770,-5682
2025-09-30,전체,16319061,16319061,0
2025-10-01,금융투자,630564,993175,362611
2025-10-01,보험,53096,151886,98790
2025-10-01,투신,83273,434207,350934
2025-10-01,사모,204982,361651,156669
2025-10-01,은행,307,2975,2668
2025-10-01,기타금융,1829,10014,8185
2025-10-01,연기금 등,4530558,5034745,504187
2025-10-01,기관합계,5504609,6988653,1484044
2025-10-01,기타법인,293355,106620,-186735
2025-10-01,개인,9942801,2493072,-7449729
2025-10-01,외국인,6275060,12445639,6170579
2025-10-01,기타외국인,23536,5377,-18159
2025-10-01,전체,22039361,22039361,0
2025-10-02,금융투자,7501368,6302565,-1198803
2025-10-02,보험,225091,134303,-90788
2025-10-02,투신,327435,777657,450222
2025-10-02,사모,474299,703646,229347
2025-10-02,은행,22911,8745,-14166
2025-10-02,기타금융,15704,603,-15101
2025-10-02,연기금 등,6585449,7458147,872698
2025-10-02,기관합계,15152257,15385666,233409
2025-10-02,기타법인,595583,498996,-96587
2025-10-02,개인,24639470,5390323,-19249147
2025-10-02,외국인,9417012,28595175,19178163
2025-10-02,기타외국인,78706,12868,-65838
2025-10-02,전체,49883028,49883028,0
2025-10-10,금융투자,3074101,2134614,-939487
2025-10-10,보험,458115,25921,-432194
2025-10-10,투신,296683,699828,403145
2025-10-10,사모,200028,484589,284561
2025-10-10,은행,6584,25173,18589
2025-10-10,기타금융,9001,433,-8568
2025-10-10,연기금 등,4131740,5172319,1040579
2025-10-10,기관합계,8176252,8542877,366625
2025-10-10,기타법인,401414,174983,-226431
2025-10-10,개인,11452421,4946816,-6505605
2025-10-10,외국인,15189277,21589717,6400440
2025-10-10,기타외국인,50384,15355,-35029
2025-10-10,전체,35269748,35269748,0
2025-10-13,금융투자,1865217,1539118,-326099
2025-10-13,보험,269475,68315,-201160
2025-10-13,투신,167757,324101,156344
2025-10-13,사모,247994,283302,35308
2025-10-13,은행,290,17538,17248
2025-10-13,기타금융,4076,2065,-2011
2025-10-13,연기금 등,4515734,4904064,388330
2025-10-13,기관합계,7070543,7138503,67960
2025-10-13,기타법인,224238,310625,86387
2025-10-13,개인,6576999,8860797,2283798
2025-10-13,외국인,9984105,7539553,-2444552
2025-10-13,기타외국인,27423,33830,6407
2025-10-13,전체,23883308,23883308,0
2025-10-14,금융투자,3126323,1504661,-1621662
2025-10-14,보험,192360,35431,-156929
2025-10-14,투신,246900,248725,1825
2025-10-14,사모,535682,79118,-456564
2025-10-14,은행,5205,6769,1564
2025-10-14,기타금융,7036,4747,-2289
2025-10-14,연기금 등,8122086,8000476,-121610
2025-10-14,기관합계,12235592,9879927,-2355665
2025-10-14,기타법인,438069,575385,137316
2025-10-14,개인,11729794,11217004,-512790
2025-10-14,외국인,11117110,13848041,2730931
2025-10-14,기타외국인,24670,24878,208
2025-10-14,전체,35545235,35545235,0
2025-10-15,금융투자,501114,1738993,1237879
2025-10-15,보험,98685,33047,-65638
2025-10-15,투신,574836,310843,-263993
2025-10-15,사모,48385,348124,299739
2025-10-15,은행,10300,23052,12752
2025-10-15,기타금융,4293,3840,-453
2025-10-15,연기금 등,4655499,5028185,372686
2025-10-15,기관합계,5893112,7486084,1592972
2025-10-15,기타법인,271379,279670,8291
2025-10-15,개인,8434584,5100340,-3334244
2025-10-15,외국인,6433943,8177260,1743317
2025-10-15,기타외국인,17093,6757,-10336
2025-10-15,전체,21050111,21050111,0
2025-10-16,금융투자,1209036,3297305,2088269
2025-10-16,보험,305985,22219,-283766
2025-10-16,투신,183586,398105,214519
2025-10-16,사모,106656,270629,163973
2025-10-16,은행,3324,11044,7720
2025-10-16,기타금융,8045,8207,162
2025-10-16,연기금 등,6164091,5973607,-190484
2025-10-16,기관합계,7980723,9981116,2000393
2025-10-16,기타법인,336463,199876,-136587
2025-10-16,개인,11686712,4060961,-7625751
2025-10-16,외국인,8103783,13891539,5787756
2025-10-16,기타외국인,33379,7568,-25811
2025-10-16,전체,28141060,28141060,0
2025-10-17,금융투자,1632754,1006140,-626614
2025-10-17,보험,155497,9018,-146479
2025-10-17,투신,271346,313887,42541
2025-10-17,사모,461621,149785,-311836
2025-10-17,은행,27461,2214,-25247
2025-10-17,기타금융,10027,1444,-8583
2025-10-17,연기금 등,4335012,4342018,7006
2025-10-17,기관합계,6893718,5824506,-1069212
2025-10-17,기타법인,154483,78956,-75527
2025-10-17,개인,7614557,4707275,-2907282
2025-10-17,외국인,8050690,12108569,4057879
2025-10-17,기타외국인,17361,11503,-5858
2025-10-17,전체,22730809,22730809,0
2025-10-20,금융투자,1074951,2744043,1669092
2025-10-20,보험,135296,37533,-97763
2025-10-20,투신,400029,63474,-336555
2025-10-20,사모,523351,128240,-395111
2025-10-20,은행,579,18852,18273
2025-10-20,기타금융,3770,1286,-2484
2025-10-20,연기금 등,3624301,3739103,114802
2025-10-20,기관합계,5762277,6732531,970254
2025-10-20,기타법인,86348,245958,159610
2025-10-20,개인,5825954,5691377,-134577
2025-10-20,외국인,5893911,4906034,-987877
2025-10-20,기타외국인,21266,13856,-7410
2025-10-20,전체,17589756,17589756,0
2025-10-21,금융투자,972810,2364573,1391763
2025-10-21,보험,341510,117207,-224303
2025-10-21,투신,485180,187839,-297341
2025-10-21,사모,422920,361988,-60932
2025-10-21,은행,16954,1946,-15008
2025-10-21,기타금융,1205,163,-1042
2025-10-21,연기금 등,5180190,5658440,478250
2025-10-21,기관합계,7420769,8692156,1271387
2025-10-21,기타법인,286789,212378,-74411
2025-10-21,개인,8210381,6360943,-1849438
2025-10-21,외국인,6871311,7523071,651760
2025-10-21,기타외국인,14580,15282,702
2025-10-21,전체,22803830,22803830,0
2025-10-22,금융투자,864372,2108713,1244341
2025-10-22,보험,125581,24528,-101053
2025-10-22,투신,251440,247574,-3866
2025-10-22,사모,209938,147511,-62427
2025-10-22,은행,104,7123,7019
2025-10-22,기타금융,14522,292,-14230
2025-10-22,연기금 등,3764491,3792865,28374
2025-10-22,기관합계,5230448,6328606,1098158
2025-10-22,기타법인,181430,100229,-81201
2025-10-22,개인,4459182,3946668,-512514
2025-10-22,외국인,6041280,5551940,-489340
2025-10-22,기타외국인,25271,10168,-15103
2025-10-22,전체,15937611,15937611,0
2025-10-23,금융투자,2175313,1655429,-519884
2025-10-23,보험,89834,11615,-78219
2025-10-23,투신,207322,111729,-95593
2025-10-23,사모,511267,65468,-445799
2025-10-23,은행,33959,8881,-25078
2025-10-23,기타금융,27667,33,-27634
2025-10-23,연기금 등,4202204,3833432,-368772
2025-10-23,기관합계,7247566,5686587,-1560979
2025-10-23,기타법인,93995,195999,102004
2025-10-23,개인,4697933,7341626,2643693
2025-10-23,외국인,6432372,5251395,-1180977
2025-10-23,기타외국인,16715,12974,-3741
2025-10-23,전체,18488581,18488581,0
2025-10-24,금융투자,337711,2822774,2485063
2025-10-24,보험,102763,62861,-39902
2025-10-24,투신,187405,354179,166774
2025-10-24,사모,29444,632674,603230
2025-10-24,은행,1112,28970,27858
2025-10-24,기타금융,7272,3079,-4193
2025-10-24,연기금 등,3274791,3601784,326993
2025-10-24,기관합계,3940498,7506321,3565823
2025-10-24,기타법인,217720,74106,-143614
2025-10-24,개인,11074618,2429082,-8645536
2025-10-24,외국인,3531527,8785897,5254370
2025-10-24,기타외국인,37562,6519,-31043
2025-10-24,전체,18801925,18801925,0
2025-10-27,금융투자,734367,2624310,1889943
2025-10-27,보험,280010,20797,-259213
2025-10-27,투신,326797,174501,-152296
2025-10-27,사모,90326,302326,212000
2025-10-27,은행,8255,7402,-853
2025-10-27,기타금융,3237,15992,12755
2025-10-27,연기금 등,3561342,3474232,-87110
2025-10-27,기관합계,5004334,6619560,1615226
2025-10-27,기타법인,298818,188068,-110750
2025-10-27,개인,12877230,3620705,-9256525
2025-10-27,외국인,3953721,11726592,7772871
2025-10-27,기타외국인,35867,15045,-20822
2025-10-27,전체,22169970,22169970,0
2025-10-28,금융투자,1388922,1186176,-202746
2025-10-28,보험,78364,22324,-56040
2025-10-28,투신,284423,97336,-187087
2025-10-28,사모,267739,190412,-77327
2025-10-28,은행,16594,10762,-5832
2025-10-28,기타금융,16650,1029,-15621
2025-10-28,연기금 등,3566687,3197390,-369297
2025-10-28,기관합계,5619379,4705429,-913950
2025-10-28,기타법인,78536,192550,114014
2025-10-28,개인,3912442,7299927,3387485
2025-10-28,외국인,10374552,7774123,-2600429
2025-10-28,기타외국인,17373,30253,12880
2025-10-28,전체,20002282,20002282,0
2025-10-29,금융투자,1016083,2755635,1739552
2025-10-29,보험,91606,42956,-48650
2025-10-29,투신,645237,295176,-350061
2025-10-29,사모,371077,229595,-141482
2025-10-29,은행,13877,2164,-11713
2025-10-29,기타금융,3544,864,-2680
2025-10-29,연기금 등,5644589,5315407,-329182
2025-10-29,기관합계,7786013,8641797,855784
2025-10-29,기타법인,167895,278464,110569
2025-10-29,개인,5316874,6365390,1048516
2025-10-29,외국인,7616569,5597381,-2019188
2025-10-29,기타외국인,12437,16756,4319
2025-10-29,전체,20899788,20899788,0
2025-10-30,금융투자,2321732,1785825,-535907
2025-10-30,보험,184737,59940,-124797
2025-10-30,투신,285220,249948,-35272
2025-10-30,사모,96491,551213,454722
2025-10-30,은행,6052,607,-5445
2025-10-30,기타금융,10583,2000,-8583
2025-10-30,연기금 등,7050160,7364551,314391
2025-10-30,기관합계,9954975,10014084,59109
2025-10-30,기타법인,218737,301900,83163
2025-10-30,개인,14612111,9337257,-5274854
2025-10-30,외국인,9734542,14893721,5159179
2025-10-30,기타외국인,49652,23055,-26597
2025-10-30,전체,34570017,34570017,0
2025-10-31,금융투자,1295076,3229969,1934893
2025-10-31,보험,295873,20230,-275643
2025-10-31,투신,219258,336899,117641
2025-10-31,사모,212484,550158,337674
2025-10-31,은행,17751969,26571,-17725398
2025-10-31,기타금융,3611,1881,-1730
2025-10-31,연기금 등,6062639,6223144,160505
2025-10-31,기관합계,25840910,10388852,-15452058
2025-10-31,기타법인,182890,412845,229955
2025-10-31,개인,10735332,8540405,-2194927
2025-10-31,외국인,18042146,35454739,17412593
2025-10-31,기타외국인,23286,27723,4437
2025-10-31,전체,54824564,54824564,0
2025-11-03,금융투자,1129054,2338585,1209531
2025-11-03,보험,186380,314674,128294
2025-11-03,투신,246632,608444,361812
2025-11-03,사모,240603,304020,63417
2025-11-03,은행,57802,3564,-54238
2025-11-03,기타금융,6714,12780,6066
2025-11-03,연기금 등,5029132,5597583,568451
2025-11-03,기관합계,6896317,9179650,2283333
2025-11-03,기타법인,316539,416852,100313
2025-11-03,개인,10231237,10419784,188547
2025-11-03,외국인,12637312,10053392,-2583920
2025-11-03,기타외국인,28661,40388,11727
2025-11-03,전체,30110066,30110066,0
2025-11-04,금융투자,1900147,1497027,-403120
2025-11-04,보험,146855,145816,-1039
2025-11-04,투신,368637,376973,8336
2025-11-04,사모,419986,182035,-237951
2025-11-04,은행,37298,1352,-35946
2025-11-04,기타금융,21056,1106,-19950
2025-11-04,연기금 등,6680091,6638652,-41439
2025-11-04,기관합계,9574070,8842961,-731109
2025-11-04,기타법인,864218,485762,-378456
2025-11-04,개인,8066501,14669033,6602532
2025-11-04,외국인,11923346,6417982,-5505364
2025-11-04,기타외국인,22146,34543,12397
2025-11-04,전체,30450281,30450281,0
2025-11-05,금융투자,3463461,2307388,-1156073
2025-11-05,보험,55079,88461,33382
2025-11-05,투신,246100,570331,324231
2025-11-05,사모,839827,515341,-324486
2025-11-05,은행,13391,46313,32922
2025-11-05,기타금융,15780,11705,-4075
2025-11-05,연기금 등,7125199,7149447,24248
2025-11-05,기관합계,11758837,10688986,-1069851
2025-11-05,기타법인,1032995,573754,-459241
2025-11-05,개인,16455502,19617346,3161844
2025-11-05,외국인,15538569,13916457,-1622112
2025-11-05,기타외국인,57117,46477,-10640
2025-11-05,전체,44843020,44843020,0
2025-11-06,금융투자,1138053,1917955,779902
2025-11-06,보험,63028,177528,114500
2025-11-06,투신,452682,720751,268069
2025-11-06,사모,144203,651772,507569
2025-11-06,은행,40018,67224,27206
2025-11-06,기타금융,40422,12313,-28109
2025-11-06,연기금 등,4324527,4399547,75020
2025-11-06,기관합계,6202933,7947090,1744157
2025-11-06,기타법인,113978,340246,226268
2025-11-06,개인,6967669,12195993,5228324
2025-11-06,외국인,15362576,8142712,-7219864
2025-11-06,기타외국인,8533,29648,21115
2025-11-06,전체,28655689,28655689,0
2025-11-07,금융투자,1711581,1022520,-689061
2025-11-07,보험,164315,109946,-54369
2025-11-07,투신,335022,269258,-65764
2025-11-07,사모,998453,256129,-742324
2025-11-07,은행,30939,20946,-9993
2025-11-07,기타금융,5452,38289,32837
2025-11-07,연기금 등,4307164,4002659,-304505
2025-11-07,기관합계,7552926,5719747,-1833179
2025-11-07,기타법인,302833,209404,-93429
2025-11-07,개인,8666061,7995648,-670413
2025-11-07,외국인,6362200,8939190,2576990
2025-11-07,기타외국인,24063,44094,20031
2025-11-07,전체,22908083,22908083,0
2025-11-10,금융투자,925754,1494437,568683
2025-11-10,보험,99903,59931,-39972
2025-11-10,투신,230221,442946,212725
2025-11-10,사모,70396,570658,500262
2025-11-10,은행,6264,51933,45669
2025-11-10,기타금융,3132,8395,5263
2025-11-10,연기금 등,3812575,3657157,-155418
2025-11-10,기관합계,5148245,6285457,1137212
2025-11-10,기타법인,238888,315902,77014
2025-11-10,개인,7882186,5964728,-1917458
2025-11-10,외국인,10562759,11255199,692440
2025-11-10,기타외국인,10249,21041,10792
2025-11-10,전체,23842327,23842327,0
2025-11-11,금융투자,1266498,2211162,944664
2025-11-11,보험,176700,199971,23271
2025-11-11,투신,158136,286387,128251
2025-11-11,사모,54811,272316,217505
2025-11-11,은행,50891,13433,-37458
2025-11-11,기타금융,837,30738,29901
2025-11-11,연기금 등,5210836,5297912,87076
2025-11-11,기관합계,6918709,8311919,1393210
2025-11-11,기타법인,399860,342615,-57245
2025-11-11,개인,11474354,7898841,-3575513
2025-11-11,외국인,8925236,11138748,2213512
2025-11-11,기타외국인,24383,50419,26036
2025-11-11,전체,27742542,27742542,0
2025-11-12,금융투자,539844,2641504,2101660
2025-11-12,보험,135649,73864,-61785
2025-11-12,투신,270579,264954,-5625
2025-11-12,사모,206227,428629,222402
2025-11-12,은행,2890,13196,10306
2025-11-12,기타금융,1208,1081,-127
2025-11-12,연기금 등,4017796,3676922,-340874
2025-11-12,기관합계,5174193,7100150,1925957
2025-11-12,기타법인,115472,272431,156959
2025-11-12,개인,3355168,5599092,2243924
2025-11-12,외국인,10764656,6427262,-4337394
2025-11-12,기타외국인,4008,14562,10554
2025-11-12,전체,19413497,19413497,0
2025-11-13,금융투자,6370352,2591048,-3779304
2025-11-13,보험,109472,78157,-31315
2025-11-13,투신,303825,187132,-116693
2025-11-13,사모,416409,288042,-128367
2025-11-13,은행,115,653,538
2025-11-13,기타금융,2452,5271,2819
2025-11-13,연기금 등,3489764,3453451,-36313
2025-11-13,기관합계,10692389,6603754,-4088635
2025-11-13,기타법인,138726,122534,-16192
2025-11-13,개인,4069723,6291944,2222221
2025-11-13,외국인,5904480,7803727,1899247
2025-11-13,기타외국인,33423,16782,-16641
2025-11-13,전체,20838741,20838741,0
2025-11-14,금융투자,2862222,535078,-2327144
2025-11-14,보험,64842,52846,-11996
2025-11-14,투신,425953,218024,-207929
2025-11-14,사모,457084,74070,-383014
2025-11-14,은행,16314,1562,-14752
2025-11-14,기타금융,38061,35703,-2358
2025-11-14,연기금 등,3539398,3189655,-349743
2025-11-14,기관합계,7403874,4106938,-3296936
2025-11-14,기타법인,118140,361021,242881
2025-11-14,개인,3225814,12224955,8999141
2025-11-14,외국인,11054369,5074257,-5980112
2025-11-14,기타외국인,4145,39171,35026
2025-11-14,전체,21806342,21806342,0
2025-11-17,금융투자,961717,1088842,127125
2025-11-17,보험,73904,27332,-46572
2025-11-17,투신,133184,336443,203259
2025-11-17,사모,225478,449463,223985
2025-11-17,은행,40,29,-11
2025-11-17,기타금융,19446,1810,-17636
2025-11-17,연기금 등,2899243,2765662,-133581
2025-11-17,기관합계,4313012,4669581,356569
2025-11-17,기타법인,163883,102761,-61122
2025-11-17,개인,6081235,2750306,-3330929
2025-11-17,외국인,6625607,9664352,3038745
2025-11-17,기타외국인,8847,5584,-3263
2025-11-17,전체,17192584,17192584,0
2025-11-18,금융투자,1739589,448305,-1291284
2025-11-18,보험,27606,79705,52099
2025-11-18,투신,271172,205312,-65860
2025-11-18,사모,479910,127183,-352727
2025-11-18,은행,20035,6261,-13774
2025-11-18,기타금융,12142,11495,-647
2025-11-18,연기금 등,3512659,3443759,-68900
2025-11-18,기관합계,6063113,4322020,-1741093
2025-11-18,기타법인,218723,193755,-24968
2025-11-18,개인,4951146,5904600,953454
2025-11-18,외국인,7428684,8250854,822170
2025-11-18,기타외국인,22402,12839,-9563
2025-11-18,전체,18684068,18684068,0
2025-11-19,금융투자,569074,1631601,1062527
2025-11-19,보험,154050,49755,-104295
2025-11-19,투신,299934,464295,164361
2025-11-19,사모,94010,214266,120256
2025-11-19,은행,92,2171,2079
2025-11-19,기타금융,188,3710,3522
2025-11-19,연기금 등,3546152,3172551,-373601
2025-11-19,기관합계,4663500,5538349,874849
2025-11-19,기타법인,193354,108834,-84520
2025-11-19,개인,4034986,5328428,1293442
2025-11-19,외국인,10085761,8006345,-2079416
2025-11-19,기타외국인,15745,11390,-4355
2025-11-19,전체,18993346,18993346,0
2025-11-20,금융투자,926158,2915928,1989770
2025-11-20,보험,70653,95126,24473
2025-11-20,투신,385930,150483,-235447
2025-11-20,사모,305311,299573,-5738
2025-11-20,은행,1075,11540,10465
2025-11-20,기타금융,2425,5196,2771
2025-11-20,연기금 등,5409922,5370808,-39114
2025-11-20,기관합계,7101474,8848654,1747180
2025-11-20,기타법인,202590,237710,35120
2025-11-20,개인,11562048,4532967,-7029081
2025-11-20,외국인,6458609,11733624,5275015
2025-11-20,기타외국인,35714,7480,-28234
2025-11-20,전체,25360435,25360435,0
